[{"model": "sessions.session", "pk": "3ey9f0r4zn6ylua44tgkwvkvbb7m8edg", "fields": {"session_data": ".eJxVjDsOwjAQRO_iGln-xR9K-pzBWu86OIBsKU4qxN1JpBSg6ea9mTeLsK0lbj0vcSZ2ZZJdfrsE-Mz1APSAem8cW12XOfFD4SftfGyUX7fT_Tso0Mu-1ikEAaRFThY8BaDB-yS8mPTkKFMKiGRNEOgcGlASUWavrFGD2yPZ5wv-hzgK:1qtbGy:BUg6ubbZ_i1l5dhnCyRWXaKzmNqEc2nV1zyoelj7S5o", "expire_date": "2023-11-02T22:13:44.419Z"}}, {"model": "sessions.session", "pk": "mvnibl89z5p4uwddhwnnizd7rgomu477", "fields": {"session_data": ".eJxVjDkOwjAUBe_iGlnfcbyEkp4zWP5LcAA5UpxUiLtDpBTQvpl5L5Xytpa0NVnSxOqsjDr9bpjpIXUHfM_1Nmua67pMqHdFH7Tp68zyvBzu30HJrXxriMaAGYA6F7xh27NY6wHdAAE8syWXI409QBCwAXCMEcWJx8zUoVPvD6y2N1c:1qbMXk:uJmW-ExxjS0WT3RWXD5V3dnlEkLsn38D9_OyS0xC_2Y", "expire_date": "2023-09-13T14:51:40.711Z"}}, {"model": "sessions.session", "pk": "q3tqt9sxxzk42p11xoffzyo9p804ylty", "fields": {"session_data": ".eJxVjDkOwjAUBe_iGlnfcbyEkp4zWP5LcAA5UpxUiLtDpBTQvpl5L5Xytpa0NVnSxOqsjDr9bpjpIXUHfM_1Nmua67pMqHdFH7Tp68zyvBzu30HJrXxriMaAGYA6F7xh27NY6wHdAAE8syWXI409QBCwAXCMEcWJx8zUoVPvD6y2N1c:1qW412:qkWUVsuojms8Nsa4hK45DNY8AedsO10qZtSSk-oAtVU", "expire_date": "2023-08-30T00:04:00.395Z"}}, {"model": "CatQuestipedia.game", "pk": 1, "fields": {"title": "Cat Quest", "image": "catquest_poster_keyart.jpg", "synopsis": "While out at sea, the hero of our tale, who will be referred to as 'Hero', watched as his beloved sister is kidnapped by a villainous white cat. Shipwrecked, and in a continent beset by dragons, Hero learns he is capable of slaying the monsters. He and his guardian spirit, Spirry, set out on a mission from Drakoth, the white cat from before, to get stronger and defeat the monstrous dragons (which he summoned) currently plaguing the continent. Only then will Hero and his sister be reunited...", "new_features": null, "date_released": "2017-08-08"}}, {"model": "CatQuestipedia.game", "pk": 2, "fields": {"title": "Cat Quest II", "image": "CQ2_KEYART_POSTER.jpg", "synopsis": "Having finally returned to life after dying, two kings, a cat and a dog, find that their former kingdoms have fallen into corrupt hands and are at the brink of war. The two kings and their royal advisor set out on a quest to save their world from a genuine cat-astrophe. Aided by the armorer, Kit Cat, and weapons master,  Hotto Doggo, the kings must liberate their subjects and stop the imminent war between their kingdoms.", "new_features": "Royal Arts, Local Multiplayer", "date_released": "2019-09-24"}}, {"model": "CatQuestipedia.characters", "pk": 1, "fields": {"name": "Kit Cat", "image": "Character_kitcat.png", "description": "Equipment supplier", "type": "ally", "game": 1}}, {"model": "CatQuestipedia.characters", "pk": 2, "fields": {"name": "Drakoth", "image": "Character_drakoth.png", "description": "Most generic villain ever", "type": "enemy", "game": 1}}, {"model": "CatQuestipedia.characters", "pk": 3, "fields": {"name": "Spirry", "image": "Spirry.png", "description": "Guardian Spirit", "type": "ally", "game": 1}}, {"model": "CatQuestipedia.characters", "pk": 4, "fields": {"name": "King Lionardo", "image": "Character_king.png", "description": "Kindest and most valiant king of all", "type": "side", "game": 1}}, {"model": "CatQuestipedia.characters", "pk": 5, "fields": {"name": "Head Mage Kitty", "image": "Character_arcanemage.png", "description": "The king's head mage", "type": "side", "game": 1}}, {"model": "CatQuestipedia.characters", "pk": 6, "fields": {"name": "Chef Whiskers", "image": "Character_chefwhiskers.png", "description": "East Pawt chef, Sister of Chef Furry Paws", "type": "side", "game": 1}}, {"model": "CatQuestipedia.characters", "pk": 7, "fields": {"name": "Chef Furry Paws", "image": "Character_cheffurrypaws.png", "description": "West Pawt Chef, Brother of Chef Whiskers", "type": "side", "game": 1}}, {"model": "CatQuestipedia.characters", "pk": 8, "fields": {"name": "Meowgan", "image": "Character_meowgan.png", "description": "Evil mage whose powers control him", "type": "side", "game": 1}}, {"model": "CatQuestipedia.characters", "pk": 9, "fields": {"name": "Mewlin", "image": "Character_arcanemage.png", "description": "Good mage trying to stop Meowgan", "type": "side", "game": 1}}, {"model": "CatQuestipedia.enemies", "pk": 3, "fields": {"name": "Hedgehog", "attacks": "Physical", "weak_to": null, "game": 1, "locations_found": []}}, {"model": "CatQuestipedia.enemies", "pk": 4, "fields": {"name": "Fox", "attacks": "Flamepurr", "weak_to": "Physical", "game": 1, "locations_found": []}}, {"model": "CatQuestipedia.enemies", "pk": 5, "fields": {"name": "Fists", "attacks": "Physical", "weak_to": "Magic", "game": 1, "locations_found": []}}, {"model": "CatQuestipedia.enemies", "pk": 6, "fields": {"name": "Bats", "attacks": "Physical", "weak_to": null, "game": 1, "locations_found": []}}, {"model": "CatQuestipedia.enemies", "pk": 7, "fields": {"name": "Ram", "attacks": "Physical, Light Nyan", "weak_to": "Physical", "game": 1, "locations_found": []}}, {"model": "CatQuestipedia.enemies", "pk": 8, "fields": {"name": "Llama", "attacks": "Physical, Healing Paw", "weak_to": null, "game": 1, "locations_found": []}}, {"model": "CatQuestipedia.enemies", "pk": 9, "fields": {"name": "Red Dragon", "attacks": "Physical, Flamepurr, Healing Paw", "weak_to": null, "game": 1, "locations_found": []}}, {"model": "CatQuestipedia.equipment", "pk": 1, "fields": {"name": "Old Master Helm", "image": "Oldmasters_head.png", "set": "Old Masters", "set_type": "full", "game": 1, "type": "Headgear", "defense": "Buff", "health": "Neutral", "physicalattack": "Buff", "magic": "Buff", "otherbuffs": null, "otherdebuffs": null, "maxlvl": 99}}, {"model": "CatQuestipedia.equipment", "pk": 2, "fields": {"name": "Slashy Head", "image": "Slashy_head.png", "set": "Slashy", "set_type": "full", "game": 1, "type": "Headgear", "defense": "Buff", "health": "Buff", "physicalattack": "Buff", "magic": "Buff", "otherbuffs": null, "otherdebuffs": null, "maxlvl": 99}}, {"model": "CatQuestipedia.equipment", "pk": 3, "fields": {"name": "Faith", "image": "Naked_head.png", "set": "Virtues", "set_type": "full", "game": 1, "type": "Headgear", "defense": "Neutral", "health": "Neutral", "physicalattack": "Neutral", "magic": "Buff", "otherbuffs": null, "otherdebuffs": null, "maxlvl": 1}}, {"model": "CatQuestipedia.equipment", "pk": 4, "fields": {"name": "Champion Helmet", "image": "Champion_head.png", "set": "Champion", "set_type": "full", "game": 1, "type": "Headgear", "defense": "Buff", "health": "Buff", "physicalattack": "Buff", "magic": "Neutral", "otherbuffs": null, "otherdebuffs": null, "maxlvl": 99}}, {"model": "CatQuestipedia.equipment", "pk": 5, "fields": {"name": "Skull Helmet", "image": "Skull_head.png", "set": "Skull", "set_type": "full", "game": 1, "type": "Headgear", "defense": "Buff", "health": "Neutral", "physicalattack": "Neutral", "magic": "Buff", "otherbuffs": null, "otherdebuffs": null, "maxlvl": 99}}, {"model": "CatQuestipedia.equipment", "pk": 6, "fields": {"name": "Gentleman's Hat", "image": "Gentleman_head.png", "set": "Gentleman's", "set_type": "full", "game": 1, "type": "Headgear", "defense": "Neutral", "health": "Buff", "physicalattack": "Neutral", "magic": "Buff", "otherbuffs": null, "otherdebuffs": null, "maxlvl": 99}}, {"model": "CatQuestipedia.equipment", "pk": 7, "fields": {"name": "Thorn's Helmet", "image": "Thorns_head.png", "set": "Thorn's", "set_type": "full", "game": 1, "type": "Headgear", "defense": "Buff", "health": "Neutral", "physicalattack": "Buff", "magic": "Neutral", "otherbuffs": null, "otherdebuffs": null, "maxlvl": 99}}, {"model": "CatQuestipedia.equipment", "pk": 8, "fields": {"name": "Royal Crown", "image": "Royal_head.png", "set": "Royal", "set_type": "full", "game": 1, "type": "Headgear", "defense": "Neutral", "health": "Buff", "physicalattack": "Buff", "magic": "Neutral", "otherbuffs": null, "otherdebuffs": null, "maxlvl": 99}}, {"model": "CatQuestipedia.equipment", "pk": 9, "fields": {"name": "Furry Tank Helmet", "image": "Tank_head.png", "set": "Furry Tank", "set_type": "full", "game": 1, "type": "Headgear", "defense": "Buff", "health": "Neutral", "physicalattack": "Buff", "magic": "Neutral", "otherbuffs": null, "otherdebuffs": null, "maxlvl": 99}}, {"model": "CatQuestipedia.equipment", "pk": 10, "fields": {"name": "Chainmail Helmet", "image": "Chainmail_head.png", "set": "Chainmail", "set_type": "full", "game": 1, "type": "Headgear", "defense": "Buff", "health": "Buff", "physicalattack": "Neutral", "magic": "Neutral", "otherbuffs": null, "otherdebuffs": null, "maxlvl": 99}}, {"model": "CatQuestipedia.equipment", "pk": 11, "fields": {"name": "Squire Helmet", "image": "Squire_head.png", "set": "Squire", "set_type": "full", "game": 1, "type": "Headgear", "defense": "Buff", "health": "Neutral", "physicalattack": "Neutral", "magic": "Buff", "otherbuffs": null, "otherdebuffs": null, "maxlvl": 99}}, {"model": "CatQuestipedia.equipment", "pk": 12, "fields": {"name": "Magician's Hat", "image": "Magician_head.png", "set": "Magician's", "set_type": "full", "game": 1, "type": "Headgear", "defense": "Neutral", "health": "Neutral", "physicalattack": "Neutral", "magic": "Buff", "otherbuffs": null, "otherdebuffs": null, "maxlvl": 99}}, {"model": "CatQuestipedia.equipment", "pk": 13, "fields": {"name": "Ranger Hood", "image": "Ranger_head.png", "set": "Ranger", "set_type": "full", "game": 1, "type": "Headgear", "defense": "Neutral", "health": "Buff", "physicalattack": "Neutral", "magic": "Neutral", "otherbuffs": null, "otherdebuffs": null, "maxlvl": 99}}, {"model": "CatQuestipedia.equipment", "pk": 14, "fields": {"name": "Mage Hat", "image": "Mage_head.png", "set": "Mage", "set_type": "full", "game": 1, "type": "Headgear", "defense": "Neutral", "health": "Neutral", "physicalattack": "Neutral", "magic": "Buff", "otherbuffs": null, "otherdebuffs": null, "maxlvl": 99}}, {"model": "CatQuestipedia.equipment", "pk": 15, "fields": {"name": "Knight Helmet", "image": "Knight_head.png", "set": "Knight", "set_type": "full", "game": 1, "type": "Headgear", "defense": "Buff", "health": "Neutral", "physicalattack": "Neutral", "magic": "Neutral", "otherbuffs": null, "otherdebuffs": null, "maxlvl": 99}}, {"model": "CatQuestipedia.equipment", "pk": 16, "fields": {"name": "White Mage Hood", "image": "Whitemage_head.png", "set": "White Mage", "set_type": "full", "game": 1, "type": "Headgear", "defense": "Neutral", "health": "Buff", "physicalattack": "Debuff", "magic": "Buff", "otherbuffs": null, "otherdebuffs": null, "maxlvl": 99}}, {"model": "CatQuestipedia.equipment", "pk": 17, "fields": {"name": "Grrratitude", "image": "Santa_head.png", "set": "Christmas", "set_type": "full", "game": 1, "type": "Headgear", "defense": "Buff", "health": "Neutral", "physicalattack": "Neutral", "magic": "Buff", "otherbuffs": null, "otherdebuffs": null, "maxlvl": 25}}, {"model": "CatQuestipedia.equipment", "pk": 18, "fields": {"name": "Ninja Shroud", "image": "Ninja_head.png", "set": "Ninja", "set_type": "full", "game": 1, "type": "Headgear", "defense": "Debuff", "health": "Neutral", "physicalattack": "Buff", "magic": "Neutral", "otherbuffs": null, "otherdebuffs": null, "maxlvl": 99}}, {"model": "CatQuestipedia.equipment", "pk": 19, "fields": {"name": "Samewrai Helmet", "image": "Samewrai_head.png", "set": "Samewrai", "set_type": "full", "game": 1, "type": "Headgear", "defense": "Neutral", "health": "Neutral", "physicalattack": "Buff", "magic": "Debuff", "otherbuffs": null, "otherdebuffs": null, "maxlvl": 99}}, {"model": "CatQuestipedia.equipment", "pk": 20, "fields": {"name": "Box Helmet", "image": "Box_head.png", "set": "Box", "set_type": "not full", "game": 1, "type": "Headgear", "defense": "Buff", "health": "Debuff", "physicalattack": "Neutral", "magic": "Neutral", "otherbuffs": null, "otherdebuffs": null, "maxlvl": 99}}, {"model": "CatQuestipedia.equipment", "pk": 21, "fields": {"name": "Arcane Hat", "image": "Arcane_head.png", "set": "Arcane", "set_type": "full", "game": 1, "type": "Headgear", "defense": "Neutral", "health": "Debuff", "physicalattack": "Debuff", "magic": "Buff", "otherbuffs": null, "otherdebuffs": null, "maxlvl": 99}}, {"model": "CatQuestipedia.equipment", "pk": 22, "fields": {"name": "Crappy Helmet", "image": "Soldier_head.png", "set": "Crappy", "set_type": "full", "game": 1, "type": "Headgear", "defense": "Debuff", "health": "Debuff", "physicalattack": "Debuff", "magic": "Debuff", "otherbuffs": null, "otherdebuffs": null, "maxlvl": 99}}, {"model": "CatQuestipedia.equipment", "pk": 23, "fields": {"name": "Hope", "image": "Santa_body.png", "set": "Christmas", "set_type": "full", "game": 1, "type": "Armor", "defense": "Buff", "health": "Buff", "physicalattack": "Neutral", "magic": "Neutral", "otherbuffs": null, "otherdebuffs": null, "maxlvl": 25}}, {"model": "CatQuestipedia.equipment", "pk": 24, "fields": {"name": "Magician's Vest", "image": "Magician_body.png", "set": "Magician's", "set_type": "full", "game": 1, "type": "Armor", "defense": "Neutral", "health": "Neutral", "physicalattack": "Neutral", "magic": "Buff", "otherbuffs": null, "otherdebuffs": null, "maxlvl": 99}}, {"model": "CatQuestipedia.equipment", "pk": 25, "fields": {"name": "Champion Armor", "image": "Champion_body.png", "set": "Champion", "set_type": "full", "game": 1, "type": "Armor", "defense": "Buff", "health": "Buff", "physicalattack": "Buff", "magic": "Neutral", "otherbuffs": null, "otherdebuffs": null, "maxlvl": 99}}, {"model": "CatQuestipedia.equipment", "pk": 26, "fields": {"name": "Knight Armor", "image": "Knight_body.png", "set": "Knight", "set_type": "full", "game": 1, "type": "Armor", "defense": "Buff", "health": "Neutral", "physicalattack": "Neutral", "magic": "Neutral", "otherbuffs": null, "otherdebuffs": null, "maxlvl": 99}}, {"model": "CatQuestipedia.equipment", "pk": 27, "fields": {"name": "White Mage Robes", "image": "Whitemage_body.png", "set": "White Mage", "set_type": "full", "game": 1, "type": "Armor", "defense": "Neutral", "health": "Buff", "physicalattack": "Debuff", "magic": "Buff", "otherbuffs": null, "otherdebuffs": null, "maxlvl": 99}}, {"model": "CatQuestipedia.equipment", "pk": 28, "fields": {"name": "Squire Armor", "image": "Squire_body.png", "set": "Squire", "set_type": "full", "game": 1, "type": "Armor", "defense": "Buff", "health": "Neutral", "physicalattack": "Neutral", "magic": "Buff", "otherbuffs": null, "otherdebuffs": null, "maxlvl": 99}}, {"model": "CatQuestipedia.equipment", "pk": 29, "fields": {"name": "Slashy Scarf", "image": "Slashy_body.png", "set": "Slashy", "set_type": "full", "game": 1, "type": "Armor", "defense": "Buff", "health": "Buff", "physicalattack": "Buff", "magic": "Buff", "otherbuffs": null, "otherdebuffs": null, "maxlvl": 99}}, {"model": "CatQuestipedia.equipment", "pk": 30, "fields": {"name": "Samewrai Armor", "image": "Samewrai_body.png", "set": "Samewrai", "set_type": "full", "game": 1, "type": "Armor", "defense": "Neutral", "health": "Neutral", "physicalattack": "Buff", "magic": "Debuff", "otherbuffs": null, "otherdebuffs": null, "maxlvl": 99}}, {"model": "CatQuestipedia.equipment", "pk": 31, "fields": {"name": "Skull Armor", "image": "Skull_body.png", "set": "Skull", "set_type": "full", "game": 1, "type": "Armor", "defense": "Buff", "health": "Neutral", "physicalattack": "Neutral", "magic": "Buff", "otherbuffs": null, "otherdebuffs": null, "maxlvl": 99}}, {"model": "CatQuestipedia.equipment", "pk": 32, "fields": {"name": "Crappy Armor", "image": "Soldier_body.png", "set": "Crappy", "set_type": "full", "game": 1, "type": "Armor", "defense": "Debuff", "health": "Debuff", "physicalattack": "Debuff", "magic": "Debuff", "otherbuffs": null, "otherdebuffs": null, "maxlvl": 99}}, {"model": "CatQuestipedia.equipment", "pk": 33, "fields": {"name": "Gentlebros", "image": "Gentlebros_body.png", "set": "None", "set_type": "none", "game": 1, "type": "Armor", "defense": "Neutral", "health": "Buff", "physicalattack": "Buff", "magic": "Buff", "otherbuffs": null, "otherdebuffs": null, "maxlvl": 99}}, {"model": "CatQuestipedia.equipment", "pk": 34, "fields": {"name": "Thorn's Armor", "image": "Thorns_body.png", "set": "Thorn's", "set_type": "full", "game": 1, "type": "Armor", "defense": "Buff", "health": "Neutral", "physicalattack": "Buff", "magic": "Neutral", "otherbuffs": null, "otherdebuffs": null, "maxlvl": 99}}, {"model": "CatQuestipedia.equipment", "pk": 35, "fields": {"name": "Gentleman's Cloak", "image": "Gentleman_body.png", "set": "Gentleman's", "set_type": "full", "game": 1, "type": "Armor", "defense": "Neutral", "health": "Buff", "physicalattack": "Neutral", "magic": "Buff", "otherbuffs": null, "otherdebuffs": null, "maxlvl": 99}}, {"model": "CatQuestipedia.equipment", "pk": 36, "fields": {"name": "Box Armor", "image": "Box_body.png", "set": "Box", "set_type": "not full", "game": 1, "type": "Armor", "defense": "Buff", "health": "Debuff", "physicalattack": "Neutral", "magic": "Neutral", "otherbuffs": null, "otherdebuffs": null, "maxlvl": 99}}, {"model": "CatQuestipedia.equipment", "pk": 37, "fields": {"name": "Kit's Armor", "image": "Kitarmor_body.png", "set": "None", "set_type": "none", "game": 1, "type": "Armor", "defense": "Buff", "health": "Buff", "physicalattack": "Buff", "magic": "Neutral", "otherbuffs": null, "otherdebuffs": null, "maxlvl": 99}}, {"model": "CatQuestipedia.equipment", "pk": 38, "fields": {"name": "Old Master Armor", "image": "Oldmasters_body.png", "set": "Old Masters", "set_type": "full", "game": 1, "type": "Armor", "defense": "Buff", "health": "Buff", "physicalattack": "Neutral", "magic": "Buff", "otherbuffs": null, "otherdebuffs": null, "maxlvl": 99}}, {"model": "CatQuestipedia.equipment", "pk": 39, "fields": {"name": "Mage Vest", "image": "Mage_body.png", "set": "Mage", "set_type": "full", "game": 1, "type": "Armor", "defense": "Neutral", "health": "Neutral", "physicalattack": "Neutral", "magic": "Buff", "otherbuffs": null, "otherdebuffs": null, "maxlvl": 99}}, {"model": "CatQuestipedia.equipment", "pk": 40, "fields": {"name": "Arcane Robes", "image": "Arcane_body.png", "set": "Arcane", "set_type": "full", "game": 1, "type": "Armor", "defense": "Neutral", "health": "Debuff", "physicalattack": "Debuff", "magic": "Buff", "otherbuffs": null, "otherdebuffs": null, "maxlvl": 99}}, {"model": "CatQuestipedia.equipment", "pk": 41, "fields": {"name": "Ninja Robes", "image": "Ninja_body.png", "set": "Ninja", "set_type": "full", "game": 1, "type": "Armor", "defense": "Debuff", "health": "Neutral", "physicalattack": "Buff", "magic": "Neutral", "otherbuffs": null, "otherdebuffs": null, "maxlvl": 99}}, {"model": "CatQuestipedia.equipment", "pk": 42, "fields": {"name": "Governor Shirt", "image": "Governor_body.png", "set": "None", "set_type": "none", "game": 1, "type": "Armor", "defense": "Neutral", "health": "Buff", "physicalattack": "Buff", "magic": "Debuff", "otherbuffs": null, "otherdebuffs": null, "maxlvl": 99}}, {"model": "CatQuestipedia.equipment", "pk": 43, "fields": {"name": "Chainmail Armor", "image": "Chainmail_body.png", "set": "Chainmail", "set_type": "full", "game": 1, "type": "Armor", "defense": "Buff", "health": "Buff", "physicalattack": "Neutral", "magic": "Neutral", "otherbuffs": null, "otherdebuffs": null, "maxlvl": 99}}, {"model": "CatQuestipedia.equipment", "pk": 44, "fields": {"name": "Ranger Vest", "image": "Ranger_body.png", "set": "Ranger", "set_type": "full", "game": 1, "type": "Armor", "defense": "Neutral", "health": "Buff", "physicalattack": "Neutral", "magic": "Neutral", "otherbuffs": null, "otherdebuffs": null, "maxlvl": 99}}, {"model": "CatQuestipedia.equipment", "pk": 45, "fields": {"name": "Royal Robes", "image": "Royal_body.png", "set": "Royal", "set_type": "full", "game": 1, "type": "Armor", "defense": "Neutral", "health": "Buff", "physicalattack": "Buff", "magic": "Neutral", "otherbuffs": null, "otherdebuffs": null, "maxlvl": 99}}, {"model": "CatQuestipedia.equipment", "pk": 46, "fields": {"name": "Furry Tank Armor", "image": "Tank_body.png", "set": "Furry Tank", "set_type": "full", "game": 1, "type": "Armor", "defense": "Buff", "health": "Neutral", "physicalattack": "Buff", "magic": "Neutral", "otherbuffs": null, "otherdebuffs": null, "maxlvl": 99}}, {"model": "CatQuestipedia.equipment", "pk": 47, "fields": {"name": "Courage", "image": "Naked_body.png", "set": "Virtues", "set_type": "full", "game": 1, "type": "Armor", "defense": "Neutral", "health": "Buff", "physicalattack": "Neutral", "magic": "Neutral", "otherbuffs": null, "otherdebuffs": null, "maxlvl": 1}}, {"model": "CatQuestipedia.equipment", "pk": 48, "fields": {"name": "Wingardium", "image": "Magician_weapon.png", "set": "Magician's", "set_type": "full", "game": 1, "type": "Weapon", "defense": "Neutral", "health": "Neutral", "physicalattack": "Neutral", "magic": "Buff", "otherbuffs": null, "otherdebuffs": null, "maxlvl": 99}}, {"model": "CatQuestipedia.equipment", "pk": 49, "fields": {"name": "Willpower", "image": "Naked_backlowerarm.png", "set": "Virtues", "set_type": "full", "game": 1, "type": "Weapon", "defense": "Neutral", "health": "Neutral", "physicalattack": "Buff", "magic": "Neutral", "otherbuffs": null, "otherdebuffs": null, "maxlvl": 1}}, {"model": "CatQuestipedia.equipment", "pk": 50, "fields": {"name": "Samewrai Katana", "image": "Samewrai_weapon.png", "set": "Samewrai", "set_type": "full", "game": 1, "type": "Weapon", "defense": "Neutral", "health": "Neutral", "physicalattack": "Buff", "magic": "Debuff", "otherbuffs": null, "otherdebuffs": null, "maxlvl": 99}}, {"model": "CatQuestipedia.equipment", "pk": 51, "fields": {"name": "The Savior", "image": "Champion_weapon.png", "set": "Champion", "set_type": "full", "game": 1, "type": "Weapon", "defense": "Buff", "health": "Neutral", "physicalattack": "Buff", "magic": "Buff", "otherbuffs": null, "otherdebuffs": null, "maxlvl": 99}}, {"model": "CatQuestipedia.equipment", "pk": 52, "fields": {"name": "Family", "image": "Santa_weapon.png", "set": "Christmas", "set_type": "full", "game": 1, "type": "Weapon", "defense": "Buff", "health": "Neutral", "physicalattack": "Buff", "magic": "Neutral", "otherbuffs": null, "otherdebuffs": null, "maxlvl": 25}}, {"model": "CatQuestipedia.equipment", "pk": 53, "fields": {"name": "Furry Tank Mace", "image": "Tank_weapon.png", "set": "Furry Tank", "set_type": "full", "game": 1, "type": "Weapon", "defense": "Buff", "health": "Neutral", "physicalattack": "Buff", "magic": "Neutral", "otherbuffs": null, "otherdebuffs": null, "maxlvl": 99}}, {"model": "CatQuestipedia.equipment", "pk": 54, "fields": {"name": "Ragnarok", "image": "Oldmasters_weapon.png", "set": "Old Masters", "set_type": "full", "game": 1, "type": "Weapon", "defense": "Buff", "health": "Neutral", "physicalattack": "Buff", "magic": "Buff", "otherbuffs": null, "otherdebuffs": null, "maxlvl": 99}}, {"model": "CatQuestipedia.equipment", "pk": 55, "fields": {"name": "Deathbringer", "image": "Skull_weapon.png", "set": "Skull", "set_type": "full", "game": 1, "type": "Weapon", "defense": "Neutral", "health": "Neutral", "physicalattack": "Buff", "magic": "Buff", "otherbuffs": null, "otherdebuffs": null, "maxlvl": 99}}, {"model": "CatQuestipedia.equipment", "pk": 56, "fields": {"name": "Flamefang", "image": "Dragonred_weapon.png", "set": "None", "set_type": "none", "game": 1, "type": "Weapon", "defense": "Neutral", "health": "Buff", "physicalattack": "Buff", "magic": "Neutral", "otherbuffs": null, "otherdebuffs": null, "maxlvl": 99}}, {"model": "CatQuestipedia.equipment", "pk": 57, "fields": {"name": "Chainmail Blade", "image": "Chainmail_weapon.png", "set": "Chainmail", "set_type": "full", "game": 1, "type": "Weapon", "defense": "Buff", "health": "Neutral", "physicalattack": "Buff", "magic": "Neutral", "otherbuffs": null, "otherdebuffs": null, "maxlvl": 99}}, {"model": "CatQuestipedia.equipment", "pk": 58, "fields": {"name": "Frostwing", "image": "Dragonblue_weapon.png", "set": "None", "set_type": "none", "game": 1, "type": "Weapon", "defense": "Buff", "health": "Buff", "physicalattack": "Buff", "magic": "Buff", "otherbuffs": null, "otherdebuffs": null, "maxlvl": 99}}, {"model": "CatQuestipedia.equipment", "pk": 59, "fields": {"name": "Squire Axe", "image": "Squire_weapon.png", "set": "Squire", "set_type": "full", "game": 1, "type": "Weapon", "defense": "Neutral", "health": "Neutral", "physicalattack": "Buff", "magic": "Buff", "otherbuffs": null, "otherdebuffs": null, "maxlvl": 99}}, {"model": "CatQuestipedia.equipment", "pk": 60, "fields": {"name": "White Mage Staff", "image": "Whitemage_weapon.png", "set": "White Mage", "set_type": "full", "game": 1, "type": "Weapon", "defense": "Neutral", "health": "Buff", "physicalattack": "Debuff", "magic": "Buff", "otherbuffs": null, "otherdebuffs": null, "maxlvl": 99}}, {"model": "CatQuestipedia.equipment", "pk": 61, "fields": {"name": "Knight Sword", "image": "Knight_weapon.png", "set": "Knight", "set_type": "full", "game": 1, "type": "Weapon", "defense": "Neutral", "health": "Neutral", "physicalattack": "Buff", "magic": "Neutral", "otherbuffs": null, "otherdebuffs": null, "maxlvl": 99}}, {"model": "CatQuestipedia.equipment", "pk": 62, "fields": {"name": "Mage Staff", "image": "Mage_weapon.png", "set": "Mage", "set_type": "full", "game": 1, "type": "Weapon", "defense": "Neutral", "health": "Neutral", "physicalattack": "Neutral", "magic": "Buff", "otherbuffs": null, "otherdebuffs": null, "maxlvl": 99}}, {"model": "CatQuestipedia.equipment", "pk": 63, "fields": {"name": "Ranger Axe", "image": "Ranger_weapon.png", "set": "Ranger", "set_type": "full", "game": 1, "type": "Weapon", "defense": "Neutral", "health": "Buff", "physicalattack": "Buff", "magic": "Neutral", "otherbuffs": null, "otherdebuffs": null, "maxlvl": 99}}, {"model": "CatQuestipedia.equipment", "pk": 64, "fields": {"name": "Arcane Staff", "image": "Arcane_weapon.png", "set": "Arcane", "set_type": "full", "game": 1, "type": "Weapon", "defense": "Neutral", "health": "Neutral", "physicalattack": "Debuff", "magic": "Buff", "otherbuffs": null, "otherdebuffs": null, "maxlvl": 99}}, {"model": "CatQuestipedia.equipment", "pk": 65, "fields": {"name": "Red Mare", "image": "Gentleman_weapon.png", "set": "Gentleman's", "set_type": "full", "game": 1, "type": "Weapon", "defense": "Neutral", "health": "Neutral", "physicalattack": "Buff", "magic": "Buff", "otherbuffs": null, "otherdebuffs": null, "maxlvl": 99}}, {"model": "CatQuestipedia.equipment", "pk": 66, "fields": {"name": "Dragonsbane", "image": "Dragonsbane_weapon.png", "set": "None", "set_type": "none", "game": 1, "type": "Weapon", "defense": "Neutral", "health": "Debuff", "physicalattack": "Buff", "magic": "Buff", "otherbuffs": null, "otherdebuffs": null, "maxlvl": 99}}, {"model": "CatQuestipedia.equipment", "pk": 67, "fields": {"name": "Slashy Sword", "image": "Slashy_weapon.png", "set": "Slashy", "set_type": "full", "game": 1, "type": "Weapon", "defense": "Buff", "health": "Buff", "physicalattack": "Buff", "magic": "Buff", "otherbuffs": null, "otherdebuffs": null, "maxlvl": 99}}, {"model": "CatQuestipedia.equipment", "pk": 68, "fields": {"name": "Lionshead", "image": "Thorns_weapon.png", "set": "Thorn's", "set_type": "full", "game": 1, "type": "Weapon", "defense": "Neutral", "health": "Neutral", "physicalattack": "Buff", "magic": "Neutral", "otherbuffs": null, "otherdebuffs": null, "maxlvl": 99}}, {"model": "CatQuestipedia.equipment", "pk": 69, "fields": {"name": "Ninja Blade", "image": "Ninja_weapon.png", "set": "Ninja", "set_type": "full", "game": 1, "type": "Weapon", "defense": "Debuff", "health": "Neutral", "physicalattack": "Buff", "magic": "Neutral", "otherbuffs": null, "otherdebuffs": null, "maxlvl": 99}}, {"model": "CatQuestipedia.equipment", "pk": 70, "fields": {"name": "Crappy Weapon", "image": "Soldier_weapon.png", "set": "Crappy", "set_type": "full", "game": 1, "type": "Weapon", "defense": "Debuff", "health": "Debuff", "physicalattack": "Debuff", "magic": "Debuff", "otherbuffs": null, "otherdebuffs": null, "maxlvl": 99}}, {"model": "CatQuestipedia.equipment", "pk": 71, "fields": {"name": "Darkhorne", "image": "Dragonpurple_weapon.png", "set": "None", "set_type": "none", "game": 1, "type": "Weapon", "defense": "Neutral", "health": "Neutral", "physicalattack": "Buff", "magic": "Buff", "otherbuffs": null, "otherdebuffs": null, "maxlvl": 99}}, {"model": "CatQuestipedia.equipment", "pk": 72, "fields": {"name": "Family Jewels", "image": "Royal_weapon.png", "set": "Royal", "set_type": "full", "game": 1, "type": "Weapon", "defense": "Neutral", "health": "Buff", "physicalattack": "Buff", "magic": "Neutral", "otherbuffs": null, "otherdebuffs": null, "maxlvl": 99}}, {"model": "CatQuestipedia.equipment", "pk": 73, "fields": {"name": "White Mage Robes", "image": "Whitemage_body_g2.png", "set": "White Mage", "set_type": "full", "game": 2, "type": "Armor", "defense": "Neutral", "health": "Neutral", "physicalattack": "Neutral", "magic": "Buff", "otherbuffs": "Healpaw: +20%,", "otherdebuffs": null, "maxlvl": 99}}, {"model": "CatQuestipedia.equipment", "pk": 74, "fields": {"name": "Zero Courage", "image": "Zero_body.png", "set": "Zero", "set_type": "full", "game": 2, "type": "Armor", "defense": "Neutral", "health": "Neutral", "physicalattack": "Neutral", "magic": "Neutral", "otherbuffs": "Health: +75%,", "otherdebuffs": null, "maxlvl": 99}}, {"model": "CatQuestipedia.equipment", "pk": 75, "fields": {"name": "Gentle Suit", "image": "Gentlebros_body_g2.png", "set": "Gentlebro's", "set_type": "full", "game": 2, "type": "Armor", "defense": "Neutral", "health": "Buff", "physicalattack": "Neutral", "magic": "Buff", "otherbuffs": "Spell mana cost: -1,", "otherdebuffs": null, "maxlvl": 99}}, {"model": "CatQuestipedia.equipment", "pk": 76, "fields": {"name": "Skeleton King Armor", "image": "Skeletonking_body.png", "set": "Skeleton King", "set_type": "full", "game": 2, "type": "Armor", "defense": "Buff", "health": "Neutral", "physicalattack": "Neutral", "magic": "Buff", "otherbuffs": "Arcane Resist: +35%,", "otherdebuffs": null, "maxlvl": 99}}, {"model": "CatQuestipedia.equipment", "pk": 77, "fields": {"name": "Elder Mage Robes", "image": "Eldermage_body.png", "set": "Elder Mage", "set_type": "full", "game": 2, "type": "Armor", "defense": "Neutral", "health": "Neutral", "physicalattack": "Neutral", "magic": "Buff", "otherbuffs": "Mana: +5,", "otherdebuffs": null, "maxlvl": 99}}, {"model": "CatQuestipedia.equipment", "pk": 78, "fields": {"name": "Labrathor Vest", "image": "Labrathor_body.png", "set": "Labrathor", "set_type": "full", "game": 2, "type": "Armor", "defense": "Neutral", "health": "Neutral", "physicalattack": "Neutral", "magic": "Buff", "otherbuffs": "Magic: +5%,", "otherdebuffs": null, "maxlvl": 99}}, {"model": "CatQuestipedia.equipment", "pk": 79, "fields": {"name": "Purrsecutor Armor", "image": "Purrsecutor_body.png", "set": "Purrsecutor", "set_type": "full", "game": 2, "type": "Armor", "defense": "Buff", "health": "Neutral", "physicalattack": "Buff", "magic": "Neutral", "otherbuffs": "Attack: +5%,", "otherdebuffs": null, "maxlvl": 99}}, {"model": "CatQuestipedia.equipment", "pk": 80, "fields": {"name": "Jester Bee Suit", "image": "Jesterblue_body.png", "set": "Jester Bee", "set_type": "full", "game": 2, "type": "Armor", "defense": "Neutral", "health": "Neutral", "physicalattack": "Buff", "magic": "Buff", "otherbuffs": "Attack Speed: +15%,", "otherdebuffs": null, "maxlvl": 99}}, {"model": "CatQuestipedia.equipment", "pk": 81, "fields": {"name": "Drakoth Armor", "image": "Drakoth_body.png", "set": "Drakoth", "set_type": "full", "game": 2, "type": "Armor", "defense": "Buff", "health": "Neutral", "physicalattack": "Buff", "magic": "Neutral", "otherbuffs": "Fire Resist: +35%,", "otherdebuffs": null, "maxlvl": 99}}, {"model": "CatQuestipedia.equipment", "pk": 82, "fields": {"name": "Doge Knight Armor", "image": "Dogeknight_body.png", "set": "Doge Knight", "set_type": "full", "game": 2, "type": "Armor", "defense": "Buff", "health": "Buff", "physicalattack": "Neutral", "magic": "Neutral", "otherbuffs": "Gold pickups: +20%,", "otherdebuffs": null, "maxlvl": 99}}, {"model": "CatQuestipedia.equipment", "pk": 83, "fields": {"name": "Jester Aee Suit", "image": "Jester_body.png", "set": "Jester Aee", "set_type": "full", "game": 2, "type": "Armor", "defense": "Neutral", "health": "Buff", "physicalattack": "Buff", "magic": "Neutral", "otherbuffs": "Attack Speed: +15%,", "otherdebuffs": null, "maxlvl": 99}}, {"model": "CatQuestipedia.equipment", "pk": 84, "fields": {"name": "Pawtimate Armor", "image": "Pawtimate_body.png", "set": "None", "set_type": "none", "game": 2, "type": "Armor", "defense": "Neutral", "health": "Buff", "physicalattack": "Neutral", "magic": "Neutral", "otherbuffs": "Defense: +50%,", "otherdebuffs": null, "maxlvl": 99}}, {"model": "CatQuestipedia.equipment", "pk": 85, "fields": {"name": "Ice Mage Vest", "image": "Icemage_body.png", "set": "Ice Mage", "set_type": "full", "game": 2, "type": "Armor", "defense": "Neutral", "health": "Neutral", "physicalattack": "Neutral", "magic": "Buff", "otherbuffs": "Ice Damage: +15%,", "otherdebuffs": null, "maxlvl": 99}}, {"model": "CatQuestipedia.equipment", "pk": 86, "fields": {"name": "Fire Mage Vest", "image": "Firemage_body.png", "set": "Fire Mage", "set_type": "full", "game": 2, "type": "Armor", "defense": "Neutral", "health": "Neutral", "physicalattack": "Neutral", "magic": "Buff", "otherbuffs": "Fire Damage: +15%,", "otherdebuffs": null, "maxlvl": 99}}, {"model": "CatQuestipedia.equipment", "pk": 87, "fields": {"name": "Storm Armor", "image": "Storm_body.png", "set": "Storm", "set_type": "full", "game": 2, "type": "Armor", "defense": "Buff", "health": "Neutral", "physicalattack": "Buff", "magic": "Neutral", "otherbuffs": "Lightning Resist: +35%,", "otherdebuffs": null, "maxlvl": 99}}, {"model": "CatQuestipedia.equipment", "pk": 88, "fields": {"name": "Arcane Mage Vest", "image": "Arcanemage_body.png", "set": "Arcane Mage", "set_type": "full", "game": 2, "type": "Armor", "defense": "Neutral", "health": "Neutral", "physicalattack": "Neutral", "magic": "Buff", "otherbuffs": "Arcane Damage: +15%,", "otherdebuffs": null, "maxlvl": 99}}, {"model": "CatQuestipedia.equipment", "pk": 89, "fields": {"name": "Scout Armor", "image": "Scout_body.png", "set": "Scout", "set_type": "full", "game": 2, "type": "Armor", "defense": "Neutral", "health": "Buff", "physicalattack": "Neutral", "magic": "Neutral", "otherbuffs": "Attack: +10%,", "otherdebuffs": null, "maxlvl": 99}}, {"model": "CatQuestipedia.equipment", "pk": 90, "fields": {"name": "Knight Armor", "image": "Knight_body_g2.png", "set": "Knight", "set_type": "full", "game": 2, "type": "Armor", "defense": "Buff", "health": "Neutral", "physicalattack": "Neutral", "magic": "Neutral", "otherbuffs": "Defense: +10%,", "otherdebuffs": null, "maxlvl": 99}}, {"model": "CatQuestipedia.equipment", "pk": 91, "fields": {"name": "Crimson Armor", "image": "Crimson_body.png", "set": "Crimson", "set_type": "full", "game": 2, "type": "Armor", "defense": "Buff", "health": "Neutral", "physicalattack": "Buff", "magic": "Neutral", "otherbuffs": "Health: +20%,", "otherdebuffs": null, "maxlvl": 99}}, {"model": "CatQuestipedia.equipment", "pk": 92, "fields": {"name": "Old Master Body", "image": "Oldmasters_body_g2.png", "set": "Old Master", "set_type": "full", "game": 2, "type": "Armor", "defense": "Buff", "health": "Neutral", "physicalattack": "Neutral", "magic": "Neutral", "otherbuffs": null, "otherdebuffs": "Health: -15%,", "maxlvl": 99}}, {"model": "CatQuestipedia.equipment", "pk": 93, "fields": {"name": "Cat Soldier Armor", "image": "Soldier_body_g2.png", "set": "Cat Soldier", "set_type": "full", "game": 2, "type": "Armor", "defense": "Neutral", "health": "Buff", "physicalattack": "Neutral", "magic": "Neutral", "otherbuffs": "Experience Pickups: +20%,", "otherdebuffs": null, "maxlvl": 99}}, {"model": "CatQuestipedia.equipment", "pk": 94, "fields": {"name": "Dog Rags", "image": "Dogrags_body.png", "set": "None", "set_type": "none", "game": 2, "type": "Armor", "defense": "Neutral", "health": "Buff", "physicalattack": "Neutral", "magic": "Neutral", "otherbuffs": null, "otherdebuffs": null, "maxlvl": 99}}, {"model": "CatQuestipedia.equipment", "pk": 95, "fields": {"name": "Dog Soldier Armor", "image": "Dogsoldier_body.png", "set": "Dog Soldier", "set_type": "full", "game": 2, "type": "Armor", "defense": "Buff", "health": "Neutral", "physicalattack": "Neutral", "magic": "Neutral", "otherbuffs": "Experience Pickups: +20%,", "otherdebuffs": null, "maxlvl": 99}}, {"model": "CatQuestipedia.equipment", "pk": 96, "fields": {"name": "Pawple Ninja Shroud", "image": "Pawpleninja_body.png", "set": "Pawple Ninja", "set_type": "full", "game": 2, "type": "Armor", "defense": "Neutral", "health": "Neutral", "physicalattack": "Neutral", "magic": "Buff", "otherbuffs": "Critical Chance: +10%,", "otherdebuffs": null, "maxlvl": 99}}, {"model": "CatQuestipedia.equipment", "pk": 97, "fields": {"name": "Ninja Shroud", "image": "Ninja_body_g2.png", "set": "Ninja", "set_type": "full", "game": 2, "type": "Armor", "defense": "Neutral", "health": "Neutral", "physicalattack": "Buff", "magic": "Neutral", "otherbuffs": "Critical Chance: +10%,", "otherdebuffs": null, "maxlvl": 99}}, {"model": "CatQuestipedia.equipment", "pk": 98, "fields": {"name": "Catventurer Vest", "image": "Catventurer_body.png", "set": "Catventurer", "set_type": "full", "game": 2, "type": "Armor", "defense": "Neutral", "health": "Neutral", "physicalattack": "Buff", "magic": "Neutral", "otherbuffs": "Physical Damage: +5%,", "otherdebuffs": null, "maxlvl": 99}}, {"model": "CatQuestipedia.equipment", "pk": 99, "fields": {"name": "Wraith Armor", "image": "Wraith_body.png", "set": "Wraith", "set_type": "full", "game": 2, "type": "Armor", "defense": "Buff", "health": "Neutral", "physicalattack": "Buff", "magic": "Neutral", "otherbuffs": "Ice Resist: +35%,", "otherdebuffs": null, "maxlvl": 99}}, {"model": "CatQuestipedia.equipment", "pk": 100, "fields": {"name": "Bard Vest", "image": "Bard_body.png", "set": "Bard", "set_type": "full", "game": 2, "type": "Armor", "defense": "Neutral", "health": "Buff", "physicalattack": "Neutral", "magic": "Neutral", "otherbuffs": "Mana Regeneration: +1,", "otherdebuffs": null, "maxlvl": 99}}, {"model": "CatQuestipedia.equipment", "pk": 101, "fields": {"name": "Catnip Bravo Jumper", "image": "Catnipbravo_body.png", "set": "Catnip Bravo", "set_type": "full", "game": 2, "type": "Armor", "defense": "Neutral", "health": "Buff", "physicalattack": "Neutral", "magic": "Neutral", "otherbuffs": null, "otherdebuffs": null, "maxlvl": 99}}, {"model": "CatQuestipedia.equipment", "pk": 102, "fields": {"name": "Ranger Vest", "image": "Ranger_body_g2.png", "set": "Ranger", "set_type": "full", "game": 2, "type": "Armor", "defense": "Neutral", "health": "Neutral", "physicalattack": "Buff", "magic": "Neutral", "otherbuffs": "Roll Distance: +20%,", "otherdebuffs": null, "maxlvl": 99}}, {"model": "CatQuestipedia.equipment", "pk": 103, "fields": {"name": "Chef Vest", "image": "Chef_body.png", "set": "Chef", "set_type": "full", "game": 2, "type": "Armor", "defense": "Neutral", "health": "Buff", "physicalattack": "Neutral", "magic": "Neutral", "otherbuffs": "Health: +50%,", "otherdebuffs": null, "maxlvl": 99}}, {"model": "CatQuestipedia.equipment", "pk": 104, "fields": {"name": "Blue Mage Vest", "image": "Mage_body_g2.png", "set": "Blue Mag", "set_type": "full", "game": 2, "type": "Armor", "defense": "Neutral", "health": "Neutral", "physicalattack": "Neutral", "magic": "Buff", "otherbuffs": "Lightning Damage: +15%,", "otherdebuffs": null, "maxlvl": 99}}, {"model": "CatQuestipedia.equipment", "pk": 105, "fields": {"name": "Cat Rags", "image": "Catrags_body.png", "set": "None", "set_type": "none", "game": 2, "type": "Armor", "defense": "Neutral", "health": "Buff", "physicalattack": "Neutral", "magic": "Neutral", "otherbuffs": null, "otherdebuffs": null, "maxlvl": 99}}, {"model": "CatQuestipedia.equipment", "pk": 106, "fields": {"name": "Invisibility Fur Coat", "image": "Invisibilityfur_body.png", "set": "None", "set_type": "none", "game": 2, "type": "Armor", "defense": "Neutral", "health": "Neutral", "physicalattack": "Neutral", "magic": "Neutral", "otherbuffs": null, "otherdebuffs": null, "maxlvl": 99}}, {"model": "CatQuestipedia.equipment", "pk": 107, "fields": {"name": "White Mage Hat", "image": "Whitemage_head_g2.png", "set": "White Mage", "set_type": "full", "game": 2, "type": "Headgear", "defense": "Neutral", "health": "Neutral", "physicalattack": "Neutral", "magic": "Buff", "otherbuffs": "Healpaw: +20%,", "otherdebuffs": null, "maxlvl": 99}}, {"model": "CatQuestipedia.equipment", "pk": 108, "fields": {"name": "Zero Willpower", "image": "Zero_head.png", "set": "Zero", "set_type": "full", "game": 2, "type": "Headgear", "defense": "Neutral", "health": "Neutral", "physicalattack": "Neutral", "magic": "Neutral", "otherbuffs": "Magic: +75%,", "otherdebuffs": null, "maxlvl": 99}}, {"model": "CatQuestipedia.equipment", "pk": 109, "fields": {"name": "Gentle Monocle", "image": "Gentlebros_head.png", "set": "Gentlebro's", "set_type": "full", "game": 2, "type": "Headgear", "defense": "Neutral", "health": "Buff", "physicalattack": "Neutral", "magic": "Buff", "otherbuffs": "Spell mana cost: -1,", "otherdebuffs": null, "maxlvl": 99}}, {"model": "CatQuestipedia.equipment", "pk": 110, "fields": {"name": "Jester Bee Cap", "image": "Jesterblue_head.png", "set": "Jester Bee", "set_type": "full", "game": 2, "type": "Headgear", "defense": "Neutral", "health": "Neutral", "physicalattack": "Buff", "magic": "Buff", "otherbuffs": "Attack Speed: +15%,", "otherdebuffs": null, "maxlvl": 99}}, {"model": "CatQuestipedia.equipment", "pk": 111, "fields": {"name": "Drakoth Helmet", "image": "Drakoth_head.png", "set": "Drakoth", "set_type": "full", "game": 2, "type": "Headgear", "defense": "Buff", "health": "Buff", "physicalattack": "Neutral", "magic": "Neutral", "otherbuffs": "Fire Resist: +35%,", "otherdebuffs": null, "maxlvl": 99}}, {"model": "CatQuestipedia.equipment", "pk": 112, "fields": {"name": "Labrathor Helm", "image": "Labrathor_head.png", "set": "Labrathor", "set_type": "full", "game": 2, "type": "Headgear", "defense": "Neutral", "health": "Neutral", "physicalattack": "Neutral", "magic": "Buff", "otherbuffs": "Magic: +5%,", "otherdebuffs": null, "maxlvl": 99}}, {"model": "CatQuestipedia.equipment", "pk": 113, "fields": {"name": "Skeleton King Crown", "image": "Skeletonking_head.png", "set": "Skeleton King", "set_type": "full", "game": 2, "type": "Headgear", "defense": "Buff", "health": "Neutral", "physicalattack": "Neutral", "magic": "Buff", "otherbuffs": "Arcane Resist: +35%,", "otherdebuffs": null, "maxlvl": 99}}, {"model": "CatQuestipedia.equipment", "pk": 114, "fields": {"name": "Purrsecutor Helm", "image": "Purrsecutor_head.png", "set": "Purrsecutor", "set_type": "full", "game": 2, "type": "Headgear", "defense": "Buff", "health": "Neutral", "physicalattack": "Buff", "magic": "Neutral", "otherbuffs": "Attack: +5%,", "otherdebuffs": null, "maxlvl": 99}}, {"model": "CatQuestipedia.equipment", "pk": 115, "fields": {"name": "Doge Knight Cowl", "image": "Dogeknight_head.png", "set": "Doge Knight", "set_type": "full", "game": 2, "type": "Headgear", "defense": "Buff", "health": "Buff", "physicalattack": "Neutral", "magic": "Neutral", "otherbuffs": "Gold pickups: +20%,", "otherdebuffs": null, "maxlvl": 99}}, {"model": "CatQuestipedia.equipment", "pk": 116, "fields": {"name": "Jester Aee Cap", "image": "Jester_head.png", "set": "Jester Aee", "set_type": "full", "game": 2, "type": "Headgear", "defense": "Neutral", "health": "Buff", "physicalattack": "Buff", "magic": "Neutral", "otherbuffs": "Attack Speed: +15%,", "otherdebuffs": null, "maxlvl": 99}}, {"model": "CatQuestipedia.equipment", "pk": 117, "fields": {"name": "Elder Mage Beard", "image": "Eldermage_head.png", "set": "Elder Mage", "set_type": "full", "game": 2, "type": "Headgear", "defense": "Neutral", "health": "Neutral", "physicalattack": "Neutral", "magic": "Buff", "otherbuffs": "Mana: +5,", "otherdebuffs": null, "maxlvl": 99}}, {"model": "CatQuestipedia.equipment", "pk": 118, "fields": {"name": "Blue Mage Hat", "image": "Mage_head_g2.png", "set": "Blue Mage", "set_type": "full", "game": 2, "type": "Headgear", "defense": "Neutral", "health": "Neutral", "physicalattack": "Neutral", "magic": "Buff", "otherbuffs": "Lightning Damage: +15%,", "otherdebuffs": null, "maxlvl": 99}}, {"model": "CatQuestipedia.equipment", "pk": 119, "fields": {"name": "Crimson Helm", "image": "Crimson_head.png", "set": "Crimson", "set_type": "full", "game": 2, "type": "Headgear", "defense": "Buff", "health": "Neutral", "physicalattack": "Buff", "magic": "Neutral", "otherbuffs": "Health: +20%,", "otherdebuffs": null, "maxlvl": 99}}, {"model": "CatQuestipedia.equipment", "pk": 120, "fields": {"name": "Wraith Helm", "image": "Wraith_head.png", "set": "Wraith", "set_type": "full", "game": 2, "type": "Headgear", "defense": "Buff", "health": "Neutral", "physicalattack": "Buff", "magic": "Neutral", "otherbuffs": "Ice Resist: +35%,", "otherdebuffs": null, "maxlvl": 99}}, {"model": "CatQuestipedia.equipment", "pk": 121, "fields": {"name": "Bard Hat", "image": "Bard_head.png", "set": "Bard", "set_type": "full", "game": 2, "type": "Headgear", "defense": "Neutral", "health": "Buff", "physicalattack": "Neutral", "magic": "Neutral", "otherbuffs": "Mana Regeneration: +1,", "otherdebuffs": null, "maxlvl": 99}}, {"model": "CatQuestipedia.equipment", "pk": 122, "fields": {"name": "Old Master Head", "image": "Oldmasters_head_g2.png", "set": "Old Master", "set_type": "full", "game": 2, "type": "Headgear", "defense": "Buff", "health": "Neutral", "physicalattack": "Neutral", "magic": "Neutral", "otherbuffs": null, "otherdebuffs": "Health: -15%,", "maxlvl": 99}}, {"model": "CatQuestipedia.equipment", "pk": 123, "fields": {"name": "Fire Mage Hat", "image": "Firemage_head.png", "set": "Fire Mage", "set_type": "full", "game": 2, "type": "Headgear", "defense": "Neutral", "health": "Neutral", "physicalattack": "Neutral", "magic": "Buff", "otherbuffs": "Fire Damage: +15%,", "otherdebuffs": null, "maxlvl": 99}}, {"model": "CatQuestipedia.equipment", "pk": 124, "fields": {"name": "Ice Mage Hat", "image": "Icemage_head.png", "set": "Ice Mage", "set_type": "full", "game": 2, "type": "Headgear", "defense": "Neutral", "health": "Neutral", "physicalattack": "Neutral", "magic": "Buff", "otherbuffs": "Ice Damage: +15%,", "otherdebuffs": null, "maxlvl": 99}}, {"model": "CatQuestipedia.equipment", "pk": 125, "fields": {"name": "Pawple Ninja Hood", "image": "Pawpleninja_head.png", "set": "Pawple Ninja", "set_type": "full", "game": 2, "type": "Headgear", "defense": "Neutral", "health": "Neutral", "physicalattack": "Neutral", "magic": "Buff", "otherbuffs": "Critical Chance: +10%,", "otherdebuffs": null, "maxlvl": 99}}, {"model": "CatQuestipedia.equipment", "pk": 126, "fields": {"name": "Storm Helm", "image": "Storm_head.png", "set": "Storm", "set_type": "full", "game": 2, "type": "Headgear", "defense": "Buff", "health": "Neutral", "physicalattack": "Buff", "magic": "Neutral", "otherbuffs": "Lightning Resist: +35%,", "otherdebuffs": null, "maxlvl": 99}}, {"model": "CatQuestipedia.equipment", "pk": 127, "fields": {"name": "Ninja Hood", "image": "Ninja_head_g2.png", "set": "Ninja", "set_type": "full", "game": 2, "type": "Headgear", "defense": "Neutral", "health": "Neutral", "physicalattack": "Buff", "magic": "Neutral", "otherbuffs": "Critical Chance: +10%,", "otherdebuffs": null, "maxlvl": 99}}, {"model": "CatQuestipedia.equipment", "pk": 128, "fields": {"name": "Catventurer Hat", "image": "Catventurer_head.png", "set": "Catventurer", "set_type": "full", "game": 2, "type": "Headgear", "defense": "Neutral", "health": "Neutral", "physicalattack": "Buff", "magic": "Neutral", "otherbuffs": "Physical Damage: +5%,", "otherdebuffs": null, "maxlvl": 99}}, {"model": "CatQuestipedia.equipment", "pk": 129, "fields": {"name": "Knight Helm", "image": "Knight_head_g2.png", "set": "Knight", "set_type": "full", "game": 2, "type": "Headgear", "defense": "Buff", "health": "Neutral", "physicalattack": "Neutral", "magic": "Neutral", "otherbuffs": "Defense: +10%,", "otherdebuffs": null, "maxlvl": 99}}, {"model": "CatQuestipedia.equipment", "pk": 130, "fields": {"name": "Dog Soldier Helmet", "image": "Dogsoldier_head.png", "set": "Dog Soldier", "set_type": "full", "game": 2, "type": "Headgear", "defense": "Buff", "health": "Neutral", "physicalattack": "Neutral", "magic": "Neutral", "otherbuffs": "Experience Pickups: +20%,", "otherdebuffs": null, "maxlvl": 99}}, {"model": "CatQuestipedia.equipment", "pk": 131, "fields": {"name": "Chef Hat", "image": "Chef_head.png", "set": "Chef", "set_type": "full", "game": 2, "type": "Headgear", "defense": "Neutral", "health": "Buff", "physicalattack": "Neutral", "magic": "Neutral", "otherbuffs": "Health: +50%,", "otherdebuffs": null, "maxlvl": 99}}, {"model": "CatQuestipedia.equipment", "pk": 132, "fields": {"name": "Ranger Cap", "image": "Ranger_head_g2.png", "set": "Ranger", "set_type": "full", "game": 2, "type": "Headgear", "defense": "Neutral", "health": "Neutral", "physicalattack": "Buff", "magic": "Neutral", "otherbuffs": "Roll Distance: +20%,", "otherdebuffs": null, "maxlvl": 99}}, {"model": "CatQuestipedia.equipment", "pk": 133, "fields": {"name": "Arcane Mage Hat", "image": "Arcanemage_head.png", "set": "Arcane Mage", "set_type": "full", "game": 2, "type": "Headgear", "defense": "Neutral", "health": "Neutral", "physicalattack": "Neutral", "magic": "Buff", "otherbuffs": "Arcane Damage: +15%,", "otherdebuffs": null, "maxlvl": 99}}, {"model": "CatQuestipedia.equipment", "pk": 134, "fields": {"name": "Scout Helmet", "image": "Scout_head.png", "set": "Scout", "set_type": "full", "game": 2, "type": "Headgear", "defense": "Neutral", "health": "Buff", "physicalattack": "Neutral", "magic": "Neutral", "otherbuffs": "Attack: +10%,", "otherdebuffs": null, "maxlvl": 99}}, {"model": "CatQuestipedia.equipment", "pk": 135, "fields": {"name": "Catnip Bravo Mask", "image": "Catnipbravo_head.png", "set": "Catnip Bravo", "set_type": "full", "game": 2, "type": "Headgear", "defense": "Neutral", "health": "Buff", "physicalattack": "Neutral", "magic": "Neutral", "otherbuffs": null, "otherdebuffs": null, "maxlvl": 99}}, {"model": "CatQuestipedia.equipment", "pk": 136, "fields": {"name": "Cat Soldier Helm", "image": "Catsoldier_head.png", "set": "Cat Soldier", "set_type": "full", "game": 2, "type": "Headgear", "defense": "Neutral", "health": "Buff", "physicalattack": "Neutral", "magic": "Neutral", "otherbuffs": "Experience Pickups: +20%,", "otherdebuffs": null, "maxlvl": 99}}, {"model": "CatQuestipedia.equipment", "pk": 137, "fields": {"name": "Catventurer Blade", "image": "Catventurer_weapon.png", "set": "Catventurer", "set_type": "full", "game": 2, "type": "Weapon", "defense": "Neutral", "health": "Neutral", "physicalattack": "Buff", "magic": "Neutral", "otherbuffs": "Physical Damage: +5%,", "otherdebuffs": null, "maxlvl": 99}}, {"model": "CatQuestipedia.equipment", "pk": 138, "fields": {"name": "Zero Faith", "image": "Zero_weapon.png", "set": "Zero", "set_type": "full", "game": 2, "type": "Weapon", "defense": "Neutral", "health": "Neutral", "physicalattack": "Neutral", "magic": "Neutral", "otherbuffs": "Attack: +75%,", "otherdebuffs": null, "maxlvl": 99}}, {"model": "CatQuestipedia.equipment", "pk": 139, "fields": {"name": "The Kingsblade", "image": "Kingsblade_weapon.png", "set": "null", "set_type": "none", "game": 2, "type": "Weapon", "defense": "Neutral", "health": "Neutral", "physicalattack": "Buff", "magic": "Buff", "otherbuffs": null, "otherdebuffs": null, "maxlvl": 99}}, {"model": "CatQuestipedia.equipment", "pk": 140, "fields": {"name": "Dragonfire", "image": "Dragonfire_weapon.png", "set": "None", "set_type": "none", "game": 2, "type": "Weapon", "defense": "Neutral", "health": "Neutral", "physicalattack": "Buff", "magic": "Neutral", "otherbuffs": "Fire Damage: +50%,", "otherdebuffs": null, "maxlvl": 99}}, {"model": "CatQuestipedia.equipment", "pk": 141, "fields": {"name": "Bone-raiser", "image": "Skeletonking_weapon.png", "set": "Skeleton King", "set_type": "full", "game": 2, "type": "Weapon", "defense": "Neutral", "health": "Neutral", "physicalattack": "Buff", "magic": "Buff", "otherbuffs": "Steals Life,", "otherdebuffs": null, "maxlvl": 99}}, {"model": "CatQuestipedia.equipment", "pk": 142, "fields": {"name": "The Dragonmaker", "image": "Drakoth_weapon.png", "set": "Drakoth", "set_type": "full", "game": 2, "type": "Weapon", "defense": "Neutral", "health": "Neutral", "physicalattack": "Buff", "magic": "Buff", "otherbuffs": "Fire Damage: +10%,", "otherdebuffs": null, "maxlvl": 99}}, {"model": "CatQuestipedia.equipment", "pk": 143, "fields": {"name": "Dragonfrost", "image": "Dragonfrost_weapon.png", "set": "None", "set_type": "none", "game": 2, "type": "Weapon", "defense": "Neutral", "health": "Neutral", "physicalattack": "Buff", "magic": "Neutral", "otherbuffs": "Ice Damage: +50%,", "otherdebuffs": null, "maxlvl": 99}}, {"model": "CatQuestipedia.equipment", "pk": 144, "fields": {"name": "Purrsecution", "image": "Purrsecutor_weapon.png", "set": "Purrsecutor", "set_type": "full", "game": 2, "type": "Weapon", "defense": "Neutral", "health": "Neutral", "physicalattack": "Buff", "magic": "Neutral", "otherbuffs": "Attack: +5%,", "otherdebuffs": null, "maxlvl": 99}}, {"model": "CatQuestipedia.equipment", "pk": 145, "fields": {"name": "The Bataxe", "image": "Dogeknight_weapon.png", "set": "Doge Knight", "set_type": "full", "game": 2, "type": "Weapon", "defense": "Neutral", "health": "Neutral", "physicalattack": "Buff", "magic": "Neutral", "otherbuffs": "Steals Three Gold,", "otherdebuffs": null, "maxlvl": 99}}, {"model": "CatQuestipedia.equipment", "pk": 146, "fields": {"name": "Jester Aee Mace", "image": "Jester_weapon.png", "set": "Jester Aee", "set_type": "full", "game": 2, "type": "Weapon", "defense": "Neutral", "health": "Neutral", "physicalattack": "Buff", "magic": "Neutral", "otherbuffs": "Attack Speed: +15%,", "otherdebuffs": null, "maxlvl": 99}}, {"model": "CatQuestipedia.equipment", "pk": 147, "fields": {"name": "Dragonvoid", "image": "Dragonvoid_weapon.png", "set": "None", "set_type": "none", "game": 2, "type": "Weapon", "defense": "Neutral", "health": "Neutral", "physicalattack": "Neutral", "magic": "Buff", "otherbuffs": "Arcane Damage: +50%,", "otherdebuffs": null, "maxlvl": 99}}, {"model": "CatQuestipedia.equipment", "pk": 148, "fields": {"name": "Jester Bee Mace", "image": "Jesterblue_weapon.png", "set": "Jester Bee", "set_type": "full", "game": 2, "type": "Weapon", "defense": "Neutral", "health": "Neutral", "physicalattack": "Buff", "magic": "Neutral", "otherbuffs": "Attack Speed: +15%,", "otherdebuffs": null, "maxlvl": 99}}, {"model": "CatQuestipedia.equipment", "pk": 149, "fields": {"name": "Excalipurr", "image": "Excalipurr_weapon.png", "set": "None", "set_type": "none", "game": 2, "type": "Weapon", "defense": "Neutral", "health": "Neutral", "physicalattack": "Buff", "magic": "Buff", "otherbuffs": "Attack Speed: +25%,", "otherdebuffs": null, "maxlvl": 99}}, {"model": "CatQuestipedia.equipment", "pk": 150, "fields": {"name": "Pawple Katana", "image": "Pawpleninja_weapon.png", "set": "Pawple Ninja", "set_type": "full", "game": 2, "type": "Weapon", "defense": "Neutral", "health": "Neutral", "physicalattack": "Neutral", "magic": "Buff", "otherbuffs": "Critical Chance: +15%,", "otherdebuffs": null, "maxlvl": 99}}, {"model": "CatQuestipedia.equipment", "pk": 151, "fields": {"name": "Stormbringer", "image": "Storm_weapon.png", "set": "Storm", "set_type": "full", "game": 2, "type": "Weapon", "defense": "Neutral", "health": "Neutral", "physicalattack": "Buff", "magic": "Neutral", "otherbuffs": "Lightning Damage: +10%,", "otherdebuffs": null, "maxlvl": 99}}, {"model": "CatQuestipedia.equipment", "pk": 152, "fields": {"name": "Knight Axe", "image": "Knight_weapon_g2.png", "set": "Knight", "set_type": "full", "game": 2, "type": "Weapon", "defense": "Neutral", "health": "Neutral", "physicalattack": "Buff", "magic": "Neutral", "otherbuffs": "Defense: +10%,", "otherdebuffs": null, "maxlvl": 99}}, {"model": "CatQuestipedia.equipment", "pk": 153, "fields": {"name": "Old Master Mace", "image": "Oldmasters_weapon_g2.png", "set": "Old Master", "set_type": "full", "game": 2, "type": "Weapon", "defense": "Buff", "health": "Neutral", "physicalattack": "Buff", "magic": "Neutral", "otherbuffs": null, "otherdebuffs": "Health: -15%,", "maxlvl": 99}}, {"model": "CatQuestipedia.equipment", "pk": 154, "fields": {"name": "Dog Soldier Sword", "image": "Dogsoldier_weapon.png", "set": "Dog Soldier", "set_type": "full", "game": 2, "type": "Weapon", "defense": "Neutral", "health": "Neutral", "physicalattack": "Buff", "magic": "Neutral", "otherbuffs": "Experience Pickups: +20%,", "otherdebuffs": null, "maxlvl": 99}}, {"model": "CatQuestipedia.equipment", "pk": 155, "fields": {"name": "Ninja Katana", "image": "Ninja_weapon_g2.png", "set": "Ninja", "set_type": "full", "game": 2, "type": "Weapon", "defense": "Neutral", "health": "Neutral", "physicalattack": "Buff", "magic": "Neutral", "otherbuffs": "Critical Chance: +15%,", "otherdebuffs": null, "maxlvl": 99}}, {"model": "CatQuestipedia.equipment", "pk": 156, "fields": {"name": "Cat Soldier Sword", "image": "Soldier_weapon_g2.png", "set": "Cat Soldier", "set_type": "full", "game": 2, "type": "Weapon", "defense": "Neutral", "health": "Neutral", "physicalattack": "Buff", "magic": "Neutral", "otherbuffs": "Experience Pickups: +20%,", "otherdebuffs": null, "maxlvl": 99}}, {"model": "CatQuestipedia.equipment", "pk": 157, "fields": {"name": "Crimson Edge", "image": "Crimson_weapon.png", "set": "Crimson", "set_type": "full", "game": 2, "type": "Weapon", "defense": "Neutral", "health": "Neutral", "physicalattack": "Buff", "magic": "Neutral", "otherbuffs": "Health: +20%,", "otherdebuffs": null, "maxlvl": 99}}, {"model": "CatQuestipedia.equipment", "pk": 158, "fields": {"name": "Wraith Mace", "image": "Wraith_weapon.png", "set": "Wraith", "set_type": "full", "game": 2, "type": "Weapon", "defense": "Neutral", "health": "Neutral", "physicalattack": "Buff", "magic": "Neutral", "otherbuffs": "Ice Damage: +10%,", "otherdebuffs": null, "maxlvl": 99}}, {"model": "CatQuestipedia.equipment", "pk": 159, "fields": {"name": "The Hawt Dog", "image": "Hawtdog_weapon.png", "set": "Chef", "set_type": "full", "game": 2, "type": "Weapon", "defense": "Neutral", "health": "Neutral", "physicalattack": "Neutral", "magic": "Neutral", "otherbuffs": "Fire Damage: +100%,", "otherdebuffs": null, "maxlvl": 99}}, {"model": "CatQuestipedia.equipment", "pk": 160, "fields": {"name": "General's Mace", "image": "General_weapon.png", "set": "None", "set_type": "none", "game": 2, "type": "Weapon", "defense": "Neutral", "health": "Neutral", "physicalattack": "Buff", "magic": "Neutral", "otherbuffs": "Critical Chance: +10%,", "otherdebuffs": null, "maxlvl": 99}}, {"model": "CatQuestipedia.equipment", "pk": 161, "fields": {"name": "Dumbbell", "image": "Dumbbell_weapon.png", "set": "Catnip Bravo", "set_type": "full", "game": 2, "type": "Weapon", "defense": "Neutral", "health": "Neutral", "physicalattack": "Buff", "magic": "Neutral", "otherbuffs": "Defense: +5%,", "otherdebuffs": null, "maxlvl": 99}}, {"model": "CatQuestipedia.equipment", "pk": 162, "fields": {"name": "Scout Sword", "image": "Scout_weapon.png", "set": "Scout", "set_type": "full", "game": 2, "type": "Weapon", "defense": "Neutral", "health": "Buff", "physicalattack": "Neutral", "magic": "Neutral", "otherbuffs": "Attack: +10%,", "otherdebuffs": null, "maxlvl": 99}}, {"model": "CatQuestipedia.equipment", "pk": 163, "fields": {"name": "Ranger Axe", "image": "Ranger_weapon_g2.png", "set": "Ranger", "set_type": "full", "game": 2, "type": "Weapon", "defense": "Neutral", "health": "Neutral", "physicalattack": "Buff", "magic": "Neutral", "otherbuffs": "Roll Distance: +20%,", "otherdebuffs": null, "maxlvl": 99}}, {"model": "CatQuestipedia.equipment", "pk": 164, "fields": {"name": "Healing Staff", "image": "Whitemage_weapon_g2.png", "set": "White Mage", "set_type": "full", "game": 2, "type": "Weapon", "defense": "Neutral", "health": "Neutral", "physicalattack": "Neutral", "magic": "Buff", "otherbuffs": "Healpaw: +30%,", "otherdebuffs": null, "maxlvl": 99}}, {"model": "CatQuestipedia.equipment", "pk": 165, "fields": {"name": "The Architect", "image": "Gentlebros_weapon.png", "set": "Gentlebro's", "set_type": "full", "game": 2, "type": "Weapon", "defense": "Neutral", "health": "Neutral", "physicalattack": "Neutral", "magic": "Buff", "otherbuffs": "Spell Mana Cost: -2,", "otherdebuffs": null, "maxlvl": 99}}, {"model": "CatQuestipedia.equipment", "pk": 166, "fields": {"name": "Pawlonijr", "image": "Labrathor_weapon.png", "set": "Labrathor", "set_type": "full", "game": 2, "type": "Weapon", "defense": "Neutral", "health": "Neutral", "physicalattack": "Neutral", "magic": "Buff", "otherbuffs": "Magic: +5%,", "otherdebuffs": null, "maxlvl": 99}}, {"model": "CatQuestipedia.equipment", "pk": 167, "fields": {"name": "Elder Stick", "image": "Eldermage_weapon.png", "set": "Elder Mage", "set_type": "full", "game": 2, "type": "Weapon", "defense": "Neutral", "health": "Neutral", "physicalattack": "Neutral", "magic": "Buff", "otherbuffs": "Mana: +5,", "otherdebuffs": null, "maxlvl": 99}}, {"model": "CatQuestipedia.equipment", "pk": 168, "fields": {"name": "Fire Staff", "image": "Firemage_weapon.png", "set": "Fire Mage", "set_type": "full", "game": 2, "type": "Weapon", "defense": "Neutral", "health": "Neutral", "physicalattack": "Neutral", "magic": "Buff", "otherbuffs": "Fire Damage: +15%,", "otherdebuffs": null, "maxlvl": 99}}, {"model": "CatQuestipedia.equipment", "pk": 169, "fields": {"name": "Ice Staff", "image": "Icemage_weapon.png", "set": "Ice Mage", "set_type": "full", "game": 2, "type": "Weapon", "defense": "Neutral", "health": "Neutral", "physicalattack": "Neutral", "magic": "Buff", "otherbuffs": "Ice Damage: +15%,", "otherdebuffs": null, "maxlvl": 99}}, {"model": "CatQuestipedia.equipment", "pk": 170, "fields": {"name": "Arcane Staff", "image": "Arcanemage_weapon.png", "set": "Arcane Mage", "set_type": "full", "game": 2, "type": "Weapon", "defense": "Neutral", "health": "Neutral", "physicalattack": "Neutral", "magic": "Buff", "otherbuffs": "Arcane Damage: +15%,", "otherdebuffs": null, "maxlvl": 99}}, {"model": "CatQuestipedia.equipment", "pk": 171, "fields": {"name": "Mewlder Wand", "image": "Mewlder_weapon.png", "set": "None", "set_type": "none", "game": 2, "type": "Weapon", "defense": "Neutral", "health": "Neutral", "physicalattack": "Neutral", "magic": "Buff", "otherbuffs": "Health: -99%,", "otherdebuffs": null, "maxlvl": 99}}, {"model": "CatQuestipedia.equipment", "pk": 172, "fields": {"name": "Lightning Staff", "image": "Mage_weapon_g2.png", "set": "Blue Mage", "set_type": "full", "game": 2, "type": "Weapon", "defense": "Neutral", "health": "Neutral", "physicalattack": "Neutral", "magic": "Buff", "otherbuffs": "Lightning Damage: +15%,", "otherdebuffs": null, "maxlvl": 99}}, {"model": "CatQuestipedia.equipment", "pk": 173, "fields": {"name": "Bard Lute", "image": "Bard_weapon.png", "set": "Bard", "set_type": "full", "game": 2, "type": "Weapon", "defense": "Neutral", "health": "Neutral", "physicalattack": "Neutral", "magic": "Buff", "otherbuffs": "Mana Regeneration: +1,", "otherdebuffs": null, "maxlvl": 99}}, {"model": "CatQuestipedia.spells", "pk": 1, "fields": {"name": "Flamepurr", "image": "UI_skill_flame.webp", "game": 1, "effect": "Burns enemies, lowers their defense", "lvl_one": "Damage: Magic", "lvl_two": null, "lvl_three": null, "lvl_four": null, "lvl_five": null, "lvl_six": null, "lvl_seven": null, "lvl_eight": null, "lvl_nine": null, "lvl_ten": null}}, {"model": "CatQuestipedia.quests", "pk": 1, "fields": {"name": "Main Quest One", "tasks": "Follow tutorial", "game": 1, "monster_list": null, "character_list": null, "location": null, "type": "main", "lvl": 1, "quest_number": 1, "quest_line": "main", "xpreward": 50, "goldreward": null, "miscreward": null}}, {"model": "CatQuestipedia.quests", "pk": 2, "fields": {"name": "Main Quest Two", "tasks": "Defeat a dragon", "game": 1, "monster_list": null, "character_list": null, "location": null, "type": "main", "lvl": 2, "quest_number": 2, "quest_line": "main", "xpreward": 150, "goldreward": 50, "miscreward": null}}, {"model": "CatQuestipedia.quests", "pk": 3, "fields": {"name": "Main Quest Three", "tasks": "Search Cave Grotto, follow Drakoth", "game": 1, "monster_list": null, "character_list": null, "location": null, "type": "main", "lvl": 3, "quest_number": 3, "quest_line": "main", "xpreward": 300, "goldreward": null, "miscreward": null}}, {"model": "CatQuestipedia.quests", "pk": 4, "fields": {"name": "The Growling Peasant", "tasks": "Clear Seaside Cave", "game": 1, "monster_list": null, "character_list": null, "location": null, "type": "side", "lvl": 2, "quest_number": 1, "quest_line": "The Growling Peasant", "xpreward": 100, "goldreward": 50, "miscreward": null}}, {"model": "CatQuestipedia.quests", "pk": 5, "fields": {"name": "The Catnip Ritual", "tasks": "Sprinkle catnip around bushes, Defeat monster horde", "game": 1, "monster_list": null, "character_list": null, "location": null, "type": "side", "lvl": 3, "quest_number": 2, "quest_line": "The Growling Peasant", "xpreward": 200, "goldreward": 100, "miscreward": "Equipment Item"}}, {"model": "CatQuestipedia.quests", "pk": 6, "fields": {"name": "The King's Mage", "tasks": "Follow arrows, Defeat monsters", "game": 1, "monster_list": null, "character_list": null, "location": null, "type": "side", "lvl": 2, "quest_number": 1, "quest_line": "The King's Mage", "xpreward": 100, "goldreward": 50, "miscreward": null}}, {"model": "CatQuestipedia.quests", "pk": 7, "fields": {"name": "The Circle", "tasks": "Follow arrows", "game": 1, "monster_list": null, "character_list": null, "location": null, "type": "side", "lvl": 6, "quest_number": 3, "quest_line": "The Growling Peasant", "xpreward": 500, "goldreward": 150, "miscreward": "Equipment Item"}}, {"model": "CatQuestipedia.quests", "pk": 8, "fields": {"name": "Blacksmith Assistance", "tasks": "Defeat monster horde, Clear Alpha Ruins", "game": 1, "monster_list": null, "character_list": null, "location": null, "type": "side", "lvl": 5, "quest_number": 1, "quest_line": "Blacksmith Assistance", "xpreward": 400, "goldreward": 50, "miscreward": "Equipment Item"}}, {"model": "CatQuestipedia.quests", "pk": 9, "fields": {"name": "The Mage Search", "tasks": "Follow arrows, Clear Loot Cave", "game": 1, "monster_list": null, "character_list": null, "location": null, "type": "side", "lvl": 8, "quest_number": 2, "quest_line": "The King's Mage", "xpreward": 800, "goldreward": 150, "miscreward": "Equipment Item"}}, {"model": "CatQuestipedia.quests", "pk": 10, "fields": {"name": "Meat Meat Meat!", "tasks": "Defeat monsters, Defeat monster horde", "game": 1, "monster_list": null, "character_list": null, "location": null, "type": "side", "lvl": 8, "quest_number": 1, "quest_line": "Meat Meat Meat!", "xpreward": 800, "goldreward": 50, "miscreward": "Equipment Item"}}, {"model": "CatQuestipedia.quests", "pk": 11, "fields": {"name": "The Strange Charm", "tasks": "Follow arrows, defeat monster horde", "game": 1, "monster_list": null, "character_list": null, "location": null, "type": "side", "lvl": 10, "quest_number": 1, "quest_line": "The Strange Charm", "xpreward": 1000, "goldreward": null, "miscreward": null}}, {"model": "CatQuestipedia.quests", "pk": 12, "fields": {"name": "The East Suspicion", "tasks": "Clear Beta Ruins, Follow arrows", "game": 1, "monster_list": null, "character_list": null, "location": null, "type": "side", "lvl": 11, "quest_number": 1, "quest_line": "The East Suspicion", "xpreward": 1500, "goldreward": 150, "miscreward": "Equipment Item"}}, {"model": "CatQuestipedia.quests", "pk": 13, "fields": {"name": "Blacksmith Apprentice", "tasks": "Clear Bandit Cave", "game": 1, "monster_list": null, "character_list": null, "location": null, "type": "side", "lvl": 10, "quest_number": 2, "quest_line": "Blacksmith Assistance", "xpreward": 1000, "goldreward": 150, "miscreward": "Equipment Item"}}, {"model": "CatQuestipedia.quests", "pk": 14, "fields": {"name": "The Spirits", "tasks": "Defeat monsters, Clear Feurry Cave", "game": 1, "monster_list": null, "character_list": null, "location": null, "type": "side", "lvl": 12, "quest_number": 3, "quest_line": "The King's Mage", "xpreward": 1500, "goldreward": 200, "miscreward": null}}, {"model": "CatQuestipedia.quests", "pk": 15, "fields": {"name": "The Catnip Cure", "tasks": "Defeat monster horde", "game": 1, "monster_list": null, "character_list": null, "location": null, "type": "side", "lvl": 10, "quest_number": 1, "quest_line": "The Catnip Cure", "xpreward": 1000, "goldreward": null, "miscreward": null}}, {"model": "CatQuestipedia.quests", "pk": 16, "fields": {"name": "The Catnip Cure...again", "tasks": "Defeat monster horde", "game": 1, "monster_list": null, "character_list": null, "location": null, "type": "side", "lvl": 10, "quest_number": 2, "quest_line": "The Catnip Cure", "xpreward": 1000, "goldreward": null, "miscreward": "Equipment Item"}}, {"model": "CatQuestipedia.quests", "pk": 17, "fields": {"name": "The Escape", "tasks": "Follow arrows, Clear Twin Cave", "game": 1, "monster_list": null, "character_list": null, "location": null, "type": "side", "lvl": 15, "quest_number": 2, "quest_line": "The Strange Charm", "xpreward": 2000, "goldreward": null, "miscreward": "Equipment Item"}}, {"model": "CatQuestipedia.quests", "pk": 18, "fields": {"name": "The Knightmare", "tasks": "Clear Furrest Cave", "game": 1, "monster_list": null, "character_list": null, "location": null, "type": "side", "lvl": 15, "quest_number": 3, "quest_line": "The Catnip Cure", "xpreward": 2000, "goldreward": null, "miscreward": null}}, {"model": "CatQuestipedia.quests", "pk": 19, "fields": {"name": "Fur-reedom!", "tasks": "Clear Bat Cave, Follow arrows", "game": 1, "monster_list": null, "character_list": null, "location": null, "type": "side", "lvl": 10, "quest_number": 4, "quest_line": "The Growling Peasant", "xpreward": 1000, "goldreward": null, "miscreward": null}}, {"model": "CatQuestipedia.quests", "pk": 20, "fields": {"name": "The Whispurrer", "tasks": "Defeat monster", "game": 1, "monster_list": null, "character_list": null, "location": null, "type": "side", "lvl": 15, "quest_number": 5, "quest_line": "The Growling Peasant", "xpreward": 2000, "goldreward": 250, "miscreward": "Equipment Item"}}, {"model": "CatQuestipedia.quests", "pk": 21, "fields": {"name": "Meatmeatmeatmeat!", "tasks": "Clear Lakeside Hole", "game": 1, "monster_list": null, "character_list": null, "location": null, "type": "side", "lvl": 12, "quest_number": 2, "quest_line": "Meat Meat Meat!", "xpreward": 1500, "goldreward": 100, "miscreward": "Equipment Item"}}, {"model": "CatQuestipedia.quests", "pk": 22, "fields": {"name": "The Sacrifice", "tasks": "Defeat monster horde, Follow arrows, Defeat monster", "game": 1, "monster_list": null, "character_list": null, "location": null, "type": "side", "lvl": 20, "quest_number": 3, "quest_line": "The Strange Charm", "xpreward": 3000, "goldreward": null, "miscreward": null}}, {"model": "CatQuestipedia.quests", "pk": 23, "fields": {"name": "The Knightmare... again", "tasks": "Defeat monster horde", "game": 1, "monster_list": null, "character_list": null, "location": null, "type": "side", "lvl": 15, "quest_number": 4, "quest_line": "The Catnip Cure", "xpreward": 2000, "goldreward": null, "miscreward": null}}, {"model": "CatQuestipedia.quests", "pk": 24, "fields": {"name": "The Book", "tasks": "Follow arrows", "game": 1, "monster_list": null, "character_list": null, "location": null, "type": "side", "lvl": 20, "quest_number": 5, "quest_line": "The Catnip Cure", "xpreward": 3000, "goldreward": null, "miscreward": null}}, {"model": "CatQuestipedia.quests", "pk": 25, "fields": {"name": "The West Investigation", "tasks": "Follow arrows, Defeat monster", "game": 1, "monster_list": null, "character_list": null, "location": null, "type": "side", "lvl": 12, "quest_number": 2, "quest_line": "The East Suspicion", "xpreward": 1500, "goldreward": 150, "miscreward": "Equipment Item"}}, {"model": "CatQuestipedia.quests", "pk": 26, "fields": {"name": "Meat Disposal Crew", "tasks": "Follow arrows, Defeat monster horde", "game": 1, "monster_list": null, "character_list": null, "location": null, "type": "side", "lvl": 16, "quest_number": 3, "quest_line": "Meat Meat Meat!", "xpreward": 2000, "goldreward": 150, "miscreward": "Equipment Item"}}, {"model": "CatQuestipedia.quests", "pk": 27, "fields": {"name": "The Meat Seller", "tasks": "Follow Arrows, Clear Gamma Ruins, Follow arrows (again), Defeat monster", "game": 1, "monster_list": null, "character_list": null, "location": null, "type": "side", "lvl": 20, "quest_number": 4, "quest_line": "Meat Meat Meat!", "xpreward": 3000, "goldreward": 250, "miscreward": "Equipment Item"}}, {"model": "CatQuestipedia.quests", "pk": 28, "fields": {"name": "The Lion King", "tasks": "Defeat monsters", "game": 1, "monster_list": null, "character_list": null, "location": null, "type": "side", "lvl": 20, "quest_number": 4, "quest_line": "The King's Mage", "xpreward": 3000, "goldreward": 250, "miscreward": "Equipment Item"}}, {"model": "CatQuestipedia.quests", "pk": 29, "fields": {"name": "Blacksmith Journeyman", "tasks": "Follow arrows, Defeat monsters", "game": 1, "monster_list": null, "character_list": null, "location": null, "type": "side", "lvl": 20, "quest_number": 3, "quest_line": "Blacksmith Assistance", "xpreward": 3000, "goldreward": 0, "miscreward": null}}, {"model": "CatQuestipedia.quests", "pk": 30, "fields": {"name": "Blacksmith Master", "tasks": null, "game": 1, "monster_list": null, "character_list": null, "location": null, "type": "side", "lvl": 20, "quest_number": 4, "quest_line": "Blacksmith Assistance", "xpreward": null, "goldreward": 250, "miscreward": "Equipment Item"}}, {"model": "CatQuestipedia.quests", "pk": 31, "fields": {"name": "The East Shipment", "tasks": "Clear Purre Cave or Purre Lair", "game": 1, "monster_list": null, "character_list": null, "location": null, "type": "side", "lvl": 16, "quest_number": 3, "quest_line": "The East Suspicion", "xpreward": 2000, "goldreward": 200, "miscreward": "Equipment Item"}}, {"model": "CatQuestipedia.quests", "pk": 32, "fields": {"name": "The West Heist", "tasks": "Follow arrows, Defeat monster horde", "game": 1, "monster_list": null, "character_list": null, "location": null, "type": "side", "lvl": 17, "quest_number": 4, "quest_line": "The East Suspicion", "xpreward": 2500, "goldreward": 200, "miscreward": null}}, {"model": "CatQuestipedia.quests", "pk": 33, "fields": {"name": "The East Escort", "tasks": "Follow arrows", "game": 1, "monster_list": null, "character_list": null, "location": null, "type": "side", "lvl": 21, "quest_number": 5, "quest_line": "The East Suspicion", "xpreward": 3000, "goldreward": 250, "miscreward": "Equipment Item"}}, {"model": "CatQuestipedia.quests", "pk": 34, "fields": {"name": "The First Day of Kitmas", "tasks": "Follow arrows, Defeat monster horde", "game": 1, "monster_list": null, "character_list": null, "location": null, "type": "side", "lvl": 15, "quest_number": 1, "quest_line": "The First Day of Kitmas", "xpreward": 2000, "goldreward": 250, "miscreward": "Equipment Item"}}, {"model": "CatQuestipedia.quests", "pk": 35, "fields": {"name": "The Sanctuary", "tasks": "Defeat monsters", "game": 1, "monster_list": null, "character_list": null, "location": null, "type": "side", "lvl": 25, "quest_number": 4, "quest_line": "The Strange Charm", "xpreward": 4000, "goldreward": 200, "miscreward": "Equipment Item"}}, {"model": "CatQuestipedia.quests", "pk": 36, "fields": {"name": "The Magic Lock", "tasks": "Follow arrows", "game": 1, "monster_list": null, "character_list": null, "location": null, "type": "side", "lvl": 23, "quest_number": 6, "quest_line": "The East Suspicion", "xpreward": 4000, "goldreward": 250, "miscreward": "Equipment Item"}}, {"model": "CatQuestipedia.quests", "pk": 37, "fields": {"name": "Main Quest Four", "tasks": "Defeat a dragon", "game": 1, "monster_list": null, "character_list": null, "location": null, "type": "main", "lvl": 32, "quest_number": 4, "quest_line": "main", "xpreward": null, "goldreward": null, "miscreward": null}}, {"model": "CatQuestipedia.quests", "pk": 38, "fields": {"name": "Main Quest Five", "tasks": "Clear Old Ruins", "game": 1, "monster_list": null, "character_list": null, "location": null, "type": "main", "lvl": 33, "quest_number": 5, "quest_line": "main", "xpreward": 3000, "goldreward": null, "miscreward": null}}, {"model": "CatQuestipedia.quests", "pk": 39, "fields": {"name": "The East Catfrontation", "tasks": "Follow arrows, Defeat monsters", "game": 1, "monster_list": null, "character_list": null, "location": null, "type": "side", "lvl": 26, "quest_number": 7, "quest_line": "The East Suspicion", "xpreward": 4000, "goldreward": 300, "miscreward": "Equipment Item"}}, {"model": "CatQuestipedia.quests", "pk": 40, "fields": {"name": "The Revelation", "tasks": "Defeat monster", "game": 1, "monster_list": null, "character_list": null, "location": null, "type": "side", "lvl": 28, "quest_number": 8, "quest_line": "The East Suspicion", "xpreward": 5000, "goldreward": 300, "miscreward": "Equipment Item"}}, {"model": "CatQuestipedia.quests", "pk": 41, "fields": {"name": "The Missing Soldiers", "tasks": "Follow arrows, Defeat monster horde", "game": 1, "monster_list": null, "character_list": null, "location": null, "type": "side", "lvl": 25, "quest_number": 1, "quest_line": "The Missing Soldiers", "xpreward": 4000, "goldreward": 300, "miscreward": "Equipment Item"}}, {"model": "CatQuestipedia.quests", "pk": 42, "fields": {"name": "The Rescue", "tasks": "Follow arrows, Defeat monster horde", "game": 1, "monster_list": null, "character_list": null, "location": null, "type": "side", "lvl": 30, "quest_number": 2, "quest_line": "The Missing Soldiers", "xpreward": 6000, "goldreward": 350, "miscreward": "Equipment Item"}}, {"model": "CatQuestipedia.quests", "pk": 43, "fields": {"name": "The Dragon Worshippers", "tasks": "Follow arrows, Defeat monsters, Defeat monster horde", "game": 1, "monster_list": null, "character_list": null, "location": null, "type": "side", "lvl": 35, "quest_number": 1, "quest_line": "The Dragon Worshippers", "xpreward": 7000, "goldreward": 400, "miscreward": "Equipment Item"}}]